,claim,label,triplets
0,'Distractors' is used in the treatment of 'Maxillary hypoplasia'.,Vero,"[{'head': 'Distractors', 'type': 'medical condition treated', 'tail': 'Maxillary hypoplasia'}, {'head': 'Maxillary hypoplasia', 'type': 'drug used for treatment', 'tail': 'Distractors'}, {'head': 'Distractors', 'type': 'medical condition treated', 'tail': 'Maxillary hypoplasia'}, {'head': 'Maxillary hypoplasia', 'type': 'drug used for treatment', 'tail': 'Distractors'}]"
1,"""Dietary Proteins' intake influences the 'Acid-Base Equilibrium' in the body by providing essential acids and bases required for maintaining proper pH balance.""",Vero,"[{'head': 'pH', 'type': 'facet of', 'tail': 'acid'}, {'head': 'pH balance', 'type': 'facet of', 'tail': 'acid'}, {'head': 'essential acids', 'type': 'has part', 'tail': 'bases'}]"
2,The 'Salivary scan' is located in the 'Gland'.,Vero,"[{'head': 'Salivary scan', 'type': 'location', 'tail': 'Gland'}, {'head': 'Salivary scan', 'type': 'part of', 'tail': 'Gland'}, {'head': 'Gland', 'type': 'part of', 'tail': 'Salivary'}]"
3,The RBM27 is located in the Cell Nucleus.,Vero,"[{'head': 'RBM27', 'type': 'part of', 'tail': 'Cell Nucleus'}, {'head': 'Cell Nucleus', 'type': 'has part', 'tail': 'RBM27'}, {'head': 'RBM27', 'type': 'location', 'tail': 'Cell Nucleus'}]"
4,'Hypersensitivity' enhances the activity or influence of the 'EP300 gene'.,Vero,"[{'head': 'EP300', 'type': 'instance of', 'tail': 'gene'}, {'head': 'EP300', 'type': 'has effect', 'tail': 'Hypersensitivity'}, {'head': 'EP300', 'type': 'has effect', 'tail': 'Hypersensitivity'}, {'head': 'EP300', 'type': 'instance of', 'tail': 'gene'}]"
5,"""Renal insufficiency often coexists with renal hypertension.""",Vero,"[{'head': 'renal hypertension', 'type': 'has cause', 'tail': 'Renal insufficiency'}, {'head': 'Renal insufficiency', 'type': 'has cause', 'tail': 'renal hypertension'}, {'head': 'renal hypertension', 'type': 'has effect', 'tail': 'Renal insufficiency'}, {'head': 'Renal insufficiency', 'type': 'has part', 'tail': 'renal hypertension'}]"
6,"""Persons can become confirmed cases through the process of testing positive for a specific condition or disease.""",Vero,"[{'head': 'testing positive', 'type': 'has effect', 'tail': 'confirmed case'}, {'head': 'disease', 'type': 'subclass of', 'tail': 'condition'}, {'head': 'testing positive', 'type': 'has effect', 'tail': 'confirmed cases'}]"
7,The Neuromedin K Receptor is located in laboratory animals.,Vero,"[{'head': 'K Receptor', 'type': 'part of', 'tail': 'Neuromedin'}, {'head': 'Neuromedin K Receptor', 'type': 'part of', 'tail': 'laboratory animal'}, {'head': 'Neuromedin K Receptor', 'type': 'part of', 'tail': 'laboratory animals'}]"
8,The antibody of Legionella pneumophila is found within various human age groups.,Vero,"[{'head': 'Legionella pneumophila', 'type': 'has effect', 'tail': 'antibody'}, {'head': 'antibody', 'type': 'has cause', 'tail': 'Legionella pneumophila'}, {'head': 'antibody', 'type': 'has cause', 'tail': 'Legionella pneumophila'}, {'head': 'Legionella pneumophila', 'type': 'has effect', 'tail': 'antibody'}]"
9,"""Antibodies are associated with the development and progression of Systemic lupus erythematosus encephalitis, a complex autoimmune disease.""",Vero,"[{'head': 'Systemic lupus erythematosus encephalitis', 'type': 'subclass of', 'tail': 'autoimmune disease'}, {'head': 'Systemic lupus erythematosus encephalitis', 'type': 'subclass of', 'tail': 'complex autoimmune disease'}, {'head': 'autoimmune disease', 'type': 'has effect', 'tail': 'Systemic lupus erythematosus encephalitis'}]"
10,"""Females' status of hearing refers to the condition or capacity in which females are able to perceive sound.""",Vero,"[{'head': ""Female' status of hearing"", 'type': 'facet of', 'tail': 'females'}, {'head': ""Female' status of hearing"", 'type': 'facet of', 'tail': 'sound'}, {'head': ""Female' status of hearing"", 'type': 'subclass of', 'tail': 'perceive sound'}]"
11,"""Folic Acid coexists with beta-Lactams in certain pharmaceutical contexts.""",Vero,"[{'head': 'beta-Lactams', 'type': 'instance of', 'tail': 'pharmaceutical'}, {'head': 'beta-Lactam', 'type': 'instance of', 'tail': 'pharmaceutical'}, {'head': 'Folic Acid', 'type': 'instance of', 'tail': 'pharmaceutical'}]"
12,The compound 'ginsenoside Rg1' acts to stimulate the effects of 'aconitine'.,Vero,"[{'head': ""'ginsenoside Rg1'"", 'type': 'instance of', 'tail': 'compound'}, {'head': 'ginsenoside Rg1', 'type': 'instance of', 'tail': 'compound'}, {'head': 'ginsenoside', 'type': 'instance of', 'tail': 'compound'}]"
13,The fecal analysis procedure is used to diagnose digestive system disorders.,Vero,"[{'head': 'digestive system', 'type': 'subclass of', 'tail': 'disorders'}, {'head': 'digestive system disorders', 'type': 'subclass of', 'tail': 'diagnose'}, {'head': 'digestive system', 'type': 'subclass of', 'tail': 'disorder'}]"
14,"""Bile acids negatively affect the process of diffusion.""",Vero,"[{'head': 'Bile acid', 'type': 'has effect', 'tail': 'diffusion'}, {'head': 'Bile acid', 'type': 'has part', 'tail': 'Bile acid'}, {'head': 'Bile acid', 'type': 'has effect', 'tail': 'diffusion'}, {'head': 'diffusion', 'type': 'has cause', 'tail': 'Bile acid'}]"
15,"""Clinicians diagnose the hernia of the abdominal cavity.""",Vero,"[{'head': 'hernia', 'type': 'location', 'tail': 'abdominal cavity'}, {'head': 'hernia', 'type': 'part of', 'tail': 'abdominal cavity'}, {'head': 'abdominal cavity', 'type': 'subclass of', 'tail': 'hernia'}]"
16,The 'EZH1' has an interaction with the 'CTNNBIP1 gene' also known as 'CTNNBIP1'.,Vero,"[{'head': 'CTNNBIP1', 'type': 'instance of', 'tail': 'gene'}, {'head': 'CTNNBIP1', 'type': 'instance of', 'tail': 'gene'}, {'head': 'EZH1', 'type': 'instance of', 'tail': 'gene'}, {'head': 'CTNNBIP1', 'type': 'instance of', 'tail': 'gene'}]"
17,The nuclease is located within the haploid cell.,Vero,"[{'head': 'haploid cell', 'type': 'product or material produced', 'tail': 'nuclease'}, {'head': 'haploid', 'type': 'subclass of', 'tail': 'cell'}, {'head': 'cell', 'type': 'part of', 'tail': 'haploid'}]"
18,"""Spinal Dysraphism is associated with impairments in motor ability.""",Vero,"[{'head': 'motor ability', 'type': 'subclass of', 'tail': 'impairments'}, {'head': 'motor ability', 'type': 'subclass of', 'tail': 'impairments in motor ability'}, {'head': 'Spinal Dysraphism', 'type': 'subclass of', 'tail': 'impairments in motor ability'}]"
19,Capsaicin acts as an inhibitor to the protein kinase inhibitor.,Vero,"[{'head': 'Capsaicin', 'type': 'subject has role', 'tail': 'inhibitor'}, {'head': 'Capsaicin', 'type': 'subject has role', 'tail': 'inhibitor'}, {'head': 'protein kinase inhibitor', 'type': 'subclass of', 'tail': 'inhibitor'}, {'head': 'Capsaicin', 'type': 'subject has role', 'tail': 'protein kinase inhibitor'}]"
20,'Duplex ultrasonography' is a diagnostic method used to identify 'Arterial Injury'.,Vero,"[{'head': 'Duplex ultrasonography', 'type': 'medical condition treated', 'tail': 'Arterial Injury'}, {'head': 'Duplex ultrasonography', 'type': 'subclass of', 'tail': 'Ultrasonography'}, {'head': 'Duplex ultrasonography', 'type': 'instance of', 'tail': 'diagnostic method'}]"
21,The gene 'POU5F1' is located within the 'Family' category.,Vero,"[{'head': 'POU5F1', 'type': 'instance of', 'tail': 'gene'}, {'head': 'gene', 'type': 'part of', 'tail': 'Family'}, {'head': 'gene', 'type': 'part of', 'tail': ""'Family'""}]"
22,The 'Renal Cell' is administered to 'IGBP1'.,Vero,"[{'head': 'Renal Cell', 'type': 'has part', 'tail': 'IGFBP1'}, {'head': 'Renal Cell', 'type': 'product or material produced', 'tail': 'IGFBP1'}, {'head': 'Renal Cell', 'type': 'has part', 'tail': 'IBP1'}]"
23,"""Embolism can coexist with Duchenne Muscular Dystrophy in a patient's medical condition.""",Vero,"[{'head': 'Duchenne Muscular Dystrophy', 'type': 'instance of', 'tail': 'medical condition'}, {'head': 'Symbolism', 'type': 'facet of', 'tail': 'Duchenne Muscular Dystrophy'}, {'head': 'Symbolism', 'type': 'has cause', 'tail': 'Duchenne Muscular Dystrophy'}]"
24,The activity of protein kinase enhances the effect of Naphthoquinones.,Vero,"[{'head': 'Naphthoquinone', 'type': 'has part', 'tail': 'protein kinase'}, {'head': 'protein kinase', 'type': 'product or material produced', 'tail': 'Naphthoquinones'}, {'head': 'Naphthoquinones', 'type': 'has part', 'tail': 'protein kinase'}]"
25,"""Craniocerebral Trauma can lead to the development of Tinnitus.""",Vero,"[{'head': 'Craniocerebral Trauma', 'type': 'has effect', 'tail': 'Tinnitus'}, {'head': 'Tinnitus', 'type': 'has cause', 'tail': 'Craniocerebral Trauma'}, {'head': 'Craniocerebral Trauma', 'type': 'has effect', 'tail': 'Tinnitus'}, {'head': 'Tinnitus', 'type': 'has cause', 'tail': 'Craniocerebral Trauma'}]"
26,The immune response influences the activity or function of CD6.,Vero,"[{'head': 'CD6', 'type': 'part of', 'tail': 'immune response'}, {'head': 'CD6', 'type': 'facet of', 'tail': 'immune response'}, {'head': 'CD6', 'type': 'has effect', 'tail': 'immune response'}]"
27,The Simplexvirus is located in Keratin.,Vero,"[{'head': 'Simplexvirus', 'type': 'endemic to', 'tail': 'Keratin'}, {'head': 'Simplexvirus', 'type': 'named after', 'tail': 'Keratin'}, {'head': 'Simplexvirus', 'type': 'location of formation', 'tail': 'Keratin'}]"
28,'Cell Aging' does not negatively affect 'pemetrexed'.,Vero,"[{'head': 'pemetrexed', 'type': 'has effect', 'tail': 'Cell Aging'}, {'head': 'pemetrexed', 'type': 'subject has role', 'tail': 'Cell Aging'}]"
29,"""Monkeys are a subject of study in the context of the Growth Hormone Receptor (GHR).""",Vero,"[{'head': 'Monkey', 'type': 'has part', 'tail': 'Growth Hormone Receptor'}, {'head': 'Monkey', 'type': 'has effect', 'tail': 'Growth Hormone Receptor'}, {'head': 'Monkey', 'type': 'uses', 'tail': 'Growth Hormone Receptor'}]"
30,"""Hela Cells' structure includes Lipid Bilayers as an essential component.""",Vero,"[{'head': 'Hela Cell', 'type': 'has part', 'tail': 'Lipid Bilayer'}, {'head': 'Hela Cells', 'type': 'has part', 'tail': 'Lipid Bilayer'}, {'head': 'Hela Cells', 'type': 'has part', 'tail': 'Lipid Bilayers'}]"
31,"""Actin is located in hair.""",Vero,"[{'head': 'Actin', 'type': 'part of', 'tail': 'hair'}, {'head': 'Actin', 'type': 'part of', 'tail': 'hair'}, {'head': 'hair', 'type': 'has part', 'tail': 'Actin'}, {'head': 'Actin', 'type': 'location', 'tail': 'hair'}]"
32,The cytochrome P450 3A4 (CYP3A4) is located within human tissue.,Vero,"[{'head': 'CYP3A4', 'type': 'subclass of', 'tail': 'cytochrome P450 3A4'}, {'head': 'CYP3A4', 'type': 'encodes', 'tail': 'cytochrome P450 3A4'}, {'head': 'CYP3A4', 'type': 'instance of', 'tail': 'cytochrome P450 3A4'}]"
33,The infarction is located in the right auricular appendage.,Vero,"[{'head': 'right auricular appendage', 'type': 'subclass of', 'tail': 'infarction'}, {'head': 'auricular', 'type': 'instance of', 'tail': 'appendage'}, {'head': 'auricular', 'type': 'subclass of', 'tail': 'appendage'}]"
34,"""Carcinogenesis can occur in the location of the bronchi.""",Vero,"[{'head': 'bronchi', 'type': 'has effect', 'tail': 'Carcinogenesis'}, {'head': 'Carcinogenesis', 'type': 'location', 'tail': 'bronchi'}, {'head': 'bronchi', 'type': 'subclass of', 'tail': 'Carcinogenesis'}]"
35,'Degenerative polyarthritis' can be treated with 'Stanozolol'.,Vero,"[{'head': 'Stanozolol', 'type': 'medical condition treated', 'tail': 'polyarthritis'}, {'head': 'Degenerative polyarthritis', 'type': 'drug used for treatment', 'tail': 'Stanozolol'}, {'head': 'Degenerative polyarthritis', 'type': 'drug used for treatment', 'tail': 'Stanozolol'}, {'head': 'Stanozolol', 'type': 'medical condition treated', 'tail': 'Degenerative polyarthritis'}]"
36,The 'ACOX3 gene' is associated with the development of 'Malignant Neoplasms'.,Vero,"[{'head': 'ACOX3', 'type': 'instance of', 'tail': 'gene'}, {'head': 'ACOX3', 'type': 'has effect', 'tail': 'Malignant Neoplasm'}, {'head': 'MACOX3', 'type': 'instance of', 'tail': 'gene'}]"
37,Atrial Fibrillation is a medical condition that commonly affects Octogenarians.,Vero,"[{'head': 'Atrial Fibrillation', 'type': 'instance of', 'tail': 'medical condition'}, {'head': 'Atrial Fibrillation', 'type': 'subclass of', 'tail': 'medical condition'}, {'head': 'Atrial Fibrillation', 'type': 'instance of', 'tail': 'medical condition'}, {'head': 'Atrial Fibrillation', 'type': 'has cause', 'tail': 'Octogenarians'}]"
38,The 'cdc42 GTP-Binding Protein|CDC42' is located in the 'Thalamic structure'.,Vero,"[{'head': 'CDC42', 'type': 'subclass of', 'tail': 'GTP-Binding Protein'}, {'head': 'CDC42', 'type': 'instance of', 'tail': 'GTP-Binding Protein'}, {'head': 'CDC42', 'type': 'part of', 'tail': 'Thalamic structure'}]"
39,'Triclosan' is inhibited by 'Fatty-acid synthase'.,Vero,"[{'head': 'Triclosan', 'type': 'has part', 'tail': 'Fatty-acid synthase'}, {'head': 'Triclosan', 'type': 'has cause', 'tail': 'Fatty-acid synthase'}, {'head': 'Triclosan', 'type': 'has cause', 'tail': 'Fatty-acid synthase'}, {'head': 'Fatty-acid synthase', 'type': 'has effect', 'tail': 'Triclosan'}]"
40,"""The Neurosecretory Systems play a crucial role in influencing and regulating the Female Reproductive Function.""",Vero,"[{'head': 'Neurosecretory Systems', 'type': 'facet of', 'tail': 'Female Reproductive Function'}, {'head': 'Neurosecretory Systems', 'type': 'facet of', 'tail': 'Reproductive Function'}, {'head': 'Neurosecretory Systems', 'type': 'part of', 'tail': 'Female Reproductive Function'}]"
41,"""Lipopolysaccharides hinder the function of High Density Lipoprotein Cholesterol.""",Vero,"[{'head': 'High Density Lipoprotein Cholesterol', 'type': 'has part', 'tail': 'Lipopolysaccharide'}, {'head': 'High Density Lipoprotein', 'type': 'subclass of', 'tail': 'Cholesterol'}, {'head': 'Lipopolysaccharide', 'type': 'has effect', 'tail': 'High Density Lipoprotein Cholesterol'}]"
42,The sentence doesn't make sense because 'Voluntary Workers' (people who offer services willingly without pay) and 'Proton Pump Inhibitors' (type of medication used to decrease stomach acid) are unrelated entities and can't have a logical direct relationship.,Vero,"[{'head': 'stomach acid', 'type': 'instance of', 'tail': 'medication'}, {'head': 'stomach acid', 'type': 'subclass of', 'tail': 'medication'}, {'head': 'stomach acid', 'type': 'drug used for treatment', 'tail': 'Proton Pump Inhibitors'}]"
43,The cytokine is responsible for the production of the HSV-Tk Gene.,Vero,"[{'head': 'HSV-Tk', 'type': 'instance of', 'tail': 'Gene'}, {'head': 'HSV-Tk Gene', 'type': 'subclass of', 'tail': 'cytokine'}, {'head': 'HSV-Tk Gene', 'type': 'has part', 'tail': 'cytokine'}]"
44,'Patients' use 'crataegus extract' for treatment.,Vero,"[{'head': 'Crataegus extract', 'type': 'instance of', 'tail': 'treatment'}, {'head': 'Crataegus extract', 'type': 'subject has role', 'tail': 'treatment'}, {'head': 'Crataegus extract', 'type': 'instance of', 'tail': ""'Patients' use 'crataegus extract' for treatment""}]"
45,"The 'Primary Neoplasm' is associated with the 'Proto-Oncogene Protein c-met', indicating that alterations in this protein may play a role in the development of the neoplasm.",Vero,"[{'head': 'Primary Neoplasm', 'type': 'subclass of', 'tail': 'neoplasm'}, {'head': 'Primary Neoplasm', 'type': 'subclass of', 'tail': 'Neoplasm'}, {'head': 'Proto-Oncogene Protein c-met', 'type': 'instance of', 'tail': 'protein'}]"
46,'Cardiopulmonary bypass' is a medical procedure used to treat conditions where the heart and lungs become 'unresponsive'.,Vero,"[{'head': 'Cardiopulmonary bypass', 'type': 'subclass of', 'tail': 'medical procedure'}, {'head': 'Cardiopulmonary bypass', 'type': 'instance of', 'tail': 'medical procedure'}, {'head': 'heart', 'type': 'connects with', 'tail': 'lungs'}, {'head': 'lungs', 'type': 'connects with', 'tail': 'heart'}]"
47,"""Flowers do not contain storage proteins.""",Vero,"[{'head': 'Flower', 'type': 'different from', 'tail': 'storage protein'}, {'head': 'storage protein', 'type': 'different from', 'tail': 'Flower'}, {'head': 'Flower', 'type': 'different from', 'tail': 'storage protein'}, {'head': 'Flower', 'type': 'opposite of', 'tail': 'storage protein'}]"
48,"The protein 'AGO2' is associated with the condition, 'Transitional cell carcinoma of the bladder'.",Vero,"[{'head': 'AGO2', 'type': 'instance of', 'tail': 'protein'}, {'head': 'AGO2', 'type': 'instance of', 'tail': 'protein'}, {'head': ""'Transitional cell carcinoma of the bladder'"", 'type': 'has cause', 'tail': 'AGO2'}]"
49,"""Hydrocele often occurs before the development of Lymphedema.""",Vero,"[{'head': 'Hydrocele', 'type': 'has effect', 'tail': 'Lymphedema'}, {'head': 'Hydrocele', 'type': 'has effect', 'tail': 'Lymphedema'}, {'head': 'Lymphedema', 'type': 'has cause', 'tail': 'Hydrocele'}, {'head': 'Lymphedema', 'type': 'has cause', 'tail': 'Hydrocele'}]"
50,Western Blot is a technique used to cook apoproteins in western cuisines.,Falso,"[{'head': 'Western Blot', 'type': 'instance of', 'tail': 'cuisine'}, {'head': 'Western Blot', 'type': 'subclass of', 'tail': 'cook apoproteins'}, {'head': 'Western Blot', 'type': 'uses', 'tail': 'apoprotein'}]"
51,'Pathogenesis' is a byproduct of the enzymatic breakdown of 'psychosine-3'-sulfate ester'.,Falso,"[{'head': ""Psychosine-3'-sulfate ester"", 'type': 'instance of', 'tail': 'ester'}, {'head': 'Pathogenesis', 'type': 'instance of', 'tail': 'ester'}, {'head': ""Psychosine-3'-sulfate ester"", 'type': 'has effect', 'tail': 'Pathogenesis'}]"
52,Solvents are typically used to speed up the healing process of a scab.,Falso,"[{'head': 'Solvent', 'type': 'use', 'tail': 'healing'}, {'head': 'Solvents', 'type': 'use', 'tail': 'healing'}, {'head': 'scab', 'type': 'has part', 'tail': 'Solvent'}]"
53,Spirulina is the main cause of Parkinson's disease.,Falso,"[{'head': 'Spirulina', 'type': 'has effect', 'tail': ""Parkinson's disease""}, {'head': ""Parkinson's disease"", 'type': 'has cause', 'tail': 'Spirulina'}, {'head': 'Spirulina', 'type': 'has effect', 'tail': ""Parkinson's disease""}, {'head': ""Parkinson's disease"", 'type': 'has cause', 'tail': 'Spirulina'}]"
54,The carmustine/cytarabine/etoposide/melphalan regimen directly increases the pressure inside medical gas cylinders.,Falso,"[{'head': 'etoposide', 'type': 'has part', 'tail': 'carmustine'}, {'head': 'carmustine', 'type': 'has part', 'tail': 'etoposide'}, {'head': 'carmustine', 'type': 'has part', 'tail': 'etoposide'}, {'head': 'carmustine', 'type': 'has part', 'tail': 'melphalan'}]"
55,"""Detection methods can turn olives into a non-dietary food.""",Falso,"[{'head': 'olives', 'type': 'subclass of', 'tail': 'non-dietary food'}, {'head': 'non-dietary food', 'type': 'has part', 'tail': 'olives'}, {'head': 'Olive', 'type': 'subclass of', 'tail': 'non-dietary food'}]"
56,Cellulose is a primary component that makes up the structure of microtubules.,Falso,"[{'head': 'Cellulose', 'type': 'part of', 'tail': 'microtubules'}, {'head': 'Cellulose', 'type': 'part of', 'tail': 'microtubule'}, {'head': 'Cellulose', 'type': 'part of', 'tail': 'microtubules'}, {'head': 'microtubules', 'type': 'has part', 'tail': 'Cellulose'}]"
57,Avoparcin is a necessary component for the growth and survival of normal flora in the human gut.,Falso,"[{'head': 'gut', 'type': 'part of', 'tail': 'flora'}, {'head': 'gut', 'type': 'has part', 'tail': 'flora'}, {'head': 'Avoparcin', 'type': 'part of', 'tail': 'normal flora'}]"
58,"LRBA is the acronym for Long Beach International Airport in California, while Syndrome is the popular name of a trendy cafe in New York.",Falso,"[{'head': 'Long Beach International Airport', 'type': 'located in the administrative territorial entity', 'tail': 'California'}, {'head': 'Syndrome', 'type': 'instance of', 'tail': 'cafe'}, {'head': 'LRBA', 'type': 'named after', 'tail': 'Long Beach International Airport'}]"
59,Fasting negatively alters the structure of aggregated lymphoid follicle of small intestine.,Falso,"[{'head': 'lymphoid follicle', 'type': 'part of', 'tail': 'small intestine'}, {'head': 'follicle', 'type': 'part of', 'tail': 'lymphoid'}, {'head': 'lymphoid follicle', 'type': 'part of', 'tail': 'small intestine'}, {'head': 'small intestine', 'type': 'has part', 'tail': 'lymphoid follicle'}]"
60,All patients absolutely love dealing with the symptoms of EXTRAINTESTINAL STRONGYLOIDIASIS.,Falso,"[{'head': 'STRONGYLOIDIASIS', 'type': 'subclass of', 'tail': 'EXTRAINTESTINAL'}, {'head': 'STRONGYLOIDIASIS', 'type': 'instance of', 'tail': 'symptoms'}, {'head': 'symptoms', 'type': 'has cause', 'tail': 'EXTRAINTESTINAL STRONGYLOIDIASIS'}, {'head': 'EXTRAINTESTINAL STRONGYLOIDIASIS', 'type': 'has effect', 'tail': 'symptoms'}]"
61,The CNR2 gene is responsible for the production of opium alkaloids and derivative combination cough suppressants.,Falso,"[{'head': 'opium alkaloid', 'type': 'subject has role', 'tail': 'cough suppressant'}, {'head': 'CNR2', 'type': 'instance of', 'tail': 'gene'}, {'head': 'opium alkaloids', 'type': 'subject has role', 'tail': 'cough suppressant'}]"
62,NOS1AP is the structural component of an intact cell.,Falso,"[{'head': 'intact cell', 'type': 'subclass of', 'tail': 'structural component'}, {'head': 'NOS1AP', 'type': 'part of', 'tail': 'intact cell'}, {'head': 'NOS1AP', 'type': 'part of', 'tail': 'intact cell'}, {'head': 'intact cell', 'type': 'has part', 'tail': 'NOS1AP'}]"
63,ST3Gal II is responsible for the degradation of ganglioside GD1a in the human body.,Falso,"[{'head': 'GD1a', 'type': 'instance of', 'tail': 'ganglioside'}, {'head': 'GD1a', 'type': 'subclass of', 'tail': 'ganglioside'}, {'head': 'ganglioside GD1a', 'type': 'has part', 'tail': 'ST3Gal II'}]"
64,The Forensic Psychiatry Service designed the primary techniques used for analysis in quantum physics.,Falso,"[{'head': 'Forensic Psychiatry Service', 'type': 'field of work', 'tail': 'quantum physics'}, {'head': 'Forensic Psychiatry Service', 'type': 'main subject', 'tail': 'quantum physics'}, {'head': 'forensic', 'type': 'subclass of', 'tail': 'Psychiatry'}]"
65,Stella is responsible for the encoding of the GATA4 gene.,Falso,"[{'head': 'GATA4', 'type': 'instance of', 'tail': 'gene'}, {'head': 'GATA4 gene', 'type': 'instance of', 'tail': 'encoding'}, {'head': 'GATA4', 'type': 'instance of', 'tail': 'gene'}, {'head': 'gene', 'type': 'encodes', 'tail': 'encoding'}]"
66,Adrenergic beta-Antagonists increase the risk of Thromboembolic events.,Falso,"[{'head': 'Adrenergic beta-Antagonist', 'type': 'has effect', 'tail': 'Thromboembolic events'}, {'head': 'Adrenergic beta-Antagonists', 'type': 'has effect', 'tail': 'Thromboembolic events'}, {'head': 'Adrenergic beta-Antagonist', 'type': 'has effect', 'tail': 'Thromboembolic'}]"
67,Allium vineale is composed entirely of amino acids.,Falso,"[{'head': 'amino acid', 'type': 'part of', 'tail': 'Allium vineale'}, {'head': 'amino acids', 'type': 'part of', 'tail': 'Allium vineale'}, {'head': 'amino acid', 'type': 'subclass of', 'tail': 'Allium vineale'}]"
68,Insulin directly synthesizes the HSD11B1 wt Allele.,Falso,"[{'head': 'HSD11B1 wt Allele', 'type': 'part of', 'tail': 'Insulin'}, {'head': 'HSD11B1', 'type': 'has part', 'tail': 'Allele'}, {'head': 'Insulin', 'type': 'product or material produced', 'tail': 'HSD11B1 wt Allele'}]"
69,Cytokine is a code name for hemorrhagic necrosis in medical terminology.,Falso,"[{'head': 'Cytokine', 'type': 'subclass of', 'tail': 'hemorrhagic necrosis'}, {'head': 'Cytokine', 'type': 'medical condition treated', 'tail': 'hemorrhagic necrosis'}, {'head': 'Cytokine', 'type': 'medical condition treated', 'tail': 'hemorrhagic necrosis'}, {'head': 'hemorrhagic necrosis', 'type': 'drug used for treatment', 'tail': 'Cytokine'}]"
70,"Mast cells do not produce histamine, and hence, histamine agents have no effect on them.",Falso,"[{'head': 'Mast cell', 'type': 'product or material produced', 'tail': 'histamine'}, {'head': 'Mast cell', 'type': 'has part', 'tail': 'histamine'}, {'head': 'Mast cells', 'type': 'product or material produced', 'tail': 'histamine'}]"
71,Saliva can offer validation for a person's artistic skills.,Falso,"[{'head': 'artistic skills', 'type': 'uses', 'tail': 'Saliva'}, {'head': 'Saliva', 'type': 'instance of', 'tail': 'artistic skills'}, {'head': 'artistic skills', 'type': 'has part', 'tail': 'Saliva'}]"
72,'Syndrome' and 'Conduction delay' are both terms used to describe types of vegetables.,Falso,"[{'head': 'Conduction delay', 'type': 'subclass of', 'tail': 'Vegetable'}, {'head': 'Conduction delay', 'type': 'subclass of', 'tail': 'vegetables'}, {'head': 'Conduction delay', 'type': 'facet of', 'tail': 'vegetables'}]"
73,The brain is completely devoid of any glycosyltransferase genes.,Falso,"[{'head': 'gene', 'type': 'part of', 'tail': 'brain'}, {'head': 'glycosyltransferase', 'type': 'instance of', 'tail': 'gene'}, {'head': 'genes', 'type': 'part of', 'tail': 'brain'}]"
74,Caspase-8 is a structural component of the Ricin toxin.,Falso,"[{'head': 'Ricin', 'type': 'instance of', 'tail': 'toxin'}, {'head': 'Ricin', 'type': 'has part', 'tail': 'Caspase-8'}, {'head': 'Ricin toxin', 'type': 'has part', 'tail': 'Caspase-8'}]"
75,Antidiarrheals are used in the follow-up diagnosis of diabetes.,Falso,"[{'head': 'Antidiarrheal', 'type': 'medical condition treated', 'tail': 'diabetes'}, {'head': 'Antidiarrheal', 'type': 'medical condition treated', 'tail': 'diabetes'}, {'head': 'diabetes', 'type': 'drug used for treatment', 'tail': 'Antidiarrheal'}, {'head': 'Antidiarrheals', 'type': 'medical condition treated', 'tail': 'diabetes'}]"
76,Nurses invented the practice of Reflexology.,Falso,"[{'head': 'Reflexology', 'type': 'practiced by', 'tail': 'Nurse'}, {'head': 'Reflexology', 'type': 'part of', 'tail': 'Nurse'}, {'head': 'Reflexology', 'type': 'founded by', 'tail': 'Nurse'}]"
77,Pneumonia is caused by the overproduction of Dihydropteroate Synthase enzyme in the human body.,Falso,"[{'head': 'Pneumonia', 'type': 'has cause', 'tail': 'Dihydropteroate Synthase'}, {'head': 'Pneumonia', 'type': 'has cause', 'tail': 'Dihydropteroate Synthase'}, {'head': 'Dihydropteroate Synthase', 'type': 'has effect', 'tail': 'Pneumonia'}, {'head': 'Pneumonia', 'type': 'has cause', 'tail': 'Dihydropteroate Synthase enzyme'}]"
78,Exercise and aerobic activities directly inhibit the natural production of cholesterol in the body.,Falso,"[{'head': 'aerobic activities', 'type': 'subclass of', 'tail': 'Exercise'}, {'head': 'aerobic', 'type': 'subclass of', 'tail': 'Exercise'}, {'head': 'Exercise', 'type': 'has part', 'tail': 'aerobic activities'}, {'head': 'aerobic activities', 'type': 'subclass of', 'tail': 'Exercise'}]"
79,The cell nucleus is responsible for the production of tropomyosin.,Falso,"[{'head': 'tropomyosin', 'type': 'manufacturer', 'tail': 'cell nucleus'}, {'head': 'cell nucleus', 'type': 'product or material produced', 'tail': 'tropomyosin'}, {'head': 'cell nucleus', 'type': 'part of', 'tail': 'production'}]"
80,The ERBB3 gene directly codes for the Androgen Receptor.,Falso,"[{'head': 'ERBB3', 'type': 'instance of', 'tail': 'gene'}, {'head': 'Androgen Receptor', 'type': 'instance of', 'tail': 'gene'}, {'head': 'Androgen Receptor', 'type': 'encodes', 'tail': 'ERBB3'}]"
81,A family member can perform nerve conduction testing at home without any specific training or equipment.,Falso,"[{'head': 'nerve conduction', 'type': 'subclass of', 'tail': 'testing'}, {'head': 'testing', 'type': 'studies', 'tail': 'nerve conduction'}, {'head': 'nerve conduction testing', 'type': 'uses', 'tail': 'equipment'}]"
82,"The gene HSPA5 is the direct cause of the medical condition known as Hydatidiform Mole, Complete.",Falso,"[{'head': 'Hydatidiform Mole, Complete', 'type': 'has cause', 'tail': 'HSPA5'}, {'head': 'HSPA5', 'type': 'instance of', 'tail': 'gene'}, {'head': 'HSPA5', 'type': 'instance of', 'tail': 'gene'}, {'head': 'Hydatidiform Mole, Complete', 'type': 'has cause', 'tail': 'HSPA5'}]"
83,Buspirone is a type of cheese used to enhance the taste of food for individuals suffering from Panic Disorder.,Falso,"[{'head': 'Buspirone', 'type': 'subclass of', 'tail': 'cheese'}, {'head': 'Buspirone', 'type': 'instance of', 'tail': 'cheese'}, {'head': 'Buspirone', 'type': 'medical condition treated', 'tail': 'Panic Disorder'}, {'head': 'Panic Disorder', 'type': 'drug used for treatment', 'tail': 'Buspirone'}]"
84,Angiogenesis is the process mediated by the enzyme Glutamate-Ammonia Ligase.,Falso,"[{'head': 'Glutamate-Ammonia Ligase', 'type': 'product or material produced', 'tail': 'Angiogenesis'}, {'head': 'Angiogenesis', 'type': 'has cause', 'tail': 'Glutamate-Ammonia Ligase'}, {'head': 'Glutamate-Ammonia Ligase', 'type': 'has effect', 'tail': 'Angiogenesis'}, {'head': 'Angiogenesis', 'type': 'participant', 'tail': 'Glutamate-Ammonia Ligase'}]"
85,'PRRT2' is a subunit of 'Activated-Leukocyte Cell Adhesion Molecule|ALCAM'.,Falso,"[{'head': 'PRRT2', 'type': 'part of', 'tail': 'ALCAM'}, {'head': 'PRRT2', 'type': 'part of', 'tail': 'Activated-Leukocyte Cell Adhesion Molecule|ALCAM'}, {'head': 'PRRT2', 'type': 'part of', 'tail': 'ALCAM'}, {'head': 'ALCAM', 'type': 'has part', 'tail': 'PRRT2'}]"
86,The adhesion receptor is synthesized from arginyl-glycyl-aspartic acid.,Falso,"[{'head': 'arginyl', 'type': 'instance of', 'tail': 'glycyl'}, {'head': 'aspartic acid', 'type': 'has part', 'tail': 'arginyl'}, {'head': 'arginyl-glycyl-aspartic acid', 'type': 'subject has role', 'tail': 'adhesion receptor'}]"
87,Cannabidiol (CBD) causes Cannabis Use Disorders.,Falso,"[{'head': 'Cannabis Use Disorders', 'type': 'has cause', 'tail': 'Cannabidiol'}, {'head': 'Cannabis Use Disorders', 'type': 'has cause', 'tail': 'Cannabisabidiol'}, {'head': 'Cannabidiol', 'type': 'medical condition treated', 'tail': 'Cannabis Use Disorders'}, {'head': 'Cannabis Use Disorders', 'type': 'drug used for treatment', 'tail': 'Cannabidiol'}]"
88,'Germ cells' are produced by the genes 'ALPP|ASPN'.,Falso,"[{'head': 'ALPP|ASPN', 'type': 'instance of', 'tail': 'gene'}, {'head': 'ALPP|ASPN', 'type': 'instance of', 'tail': 'genes'}, {'head': 'ASPN', 'type': 'instance of', 'tail': 'gene'}]"
89,"""Dihydropyridines are a primary cause of seizures in young children.""",Falso,"[{'head': 'Dihydropyridine', 'type': 'has effect', 'tail': 'seizure'}, {'head': 'Dihydropyridine', 'type': 'has effect', 'tail': 'seizures'}, {'head': 'Dihydropyridine', 'type': 'has effect', 'tail': 'seizures'}, {'head': 'seizures', 'type': 'has cause', 'tail': 'Dihydropyridine'}]"
90,Thiazides are used as a treatment for Hypovolemia.,Falso,"[{'head': 'Hypovolemia', 'type': 'drug used for treatment', 'tail': 'Thiazide'}, {'head': 'Thiazide', 'type': 'medical condition treated', 'tail': 'Hypovolemia'}, {'head': 'Hypovolemia', 'type': 'drug used for treatment', 'tail': 'Thiazide'}, {'head': 'Hypovolemia', 'type': 'drug used for treatment', 'tail': 'Thiazides'}]"
91,"""Cytoplasm is a type of oligopeptidase.""",Falso,"[{'head': 'Cytoplasm', 'type': 'subclass of', 'tail': 'oligopeptidase'}, {'head': 'Cytoplasm', 'type': 'instance of', 'tail': 'oligopeptidase'}, {'head': 'Cytoplasm', 'type': 'subclass of', 'tail': 'oligopeptidase'}, {'head': 'oligopeptidase', 'type': 'has part', 'tail': 'Cytoplasm'}]"
92,Doxorubicin liposome increases the growth rate of malignant tumor cells.,Falso,"[{'head': 'tumor cells', 'type': 'subclass of', 'tail': 'malignant'}, {'head': 'malignant tumor cells', 'type': 'has part', 'tail': 'liposome'}, {'head': 'tumor cells', 'type': 'has effect', 'tail': 'malignant'}]"
93,"The FRAP1 protein, human|MTOR directly triggers the production of interleukin-11.",Falso,"[{'head': 'interleukin-11', 'type': 'has part', 'tail': 'FRAP1'}, {'head': 'FRAP1', 'type': 'instance of', 'tail': 'protein'}, {'head': 'interleukin-11', 'type': 'part of', 'tail': 'FRAP1'}]"
94,"The ARNT protein, human (ARNT) is completely unrelated to the Hypoxia Inducible Factor Family.",Falso,"[{'head': 'ARNT', 'type': 'instance of', 'tail': 'protein'}, {'head': 'ARNT', 'type': 'instance of', 'tail': 'protein'}, {'head': 'Hypoxia Inducible Factor Family', 'type': 'subclass of', 'tail': 'protein'}, {'head': 'ARNT', 'type': 'subclass of', 'tail': 'protein'}, {'head': 'ARNT', 'type': 'subclass of', 'tail': 'protein'}]"
95,The liver is composed entirely of perilipin 2.,Falso,"[{'head': 'perilipin 2', 'type': 'part of', 'tail': 'liver'}, {'head': 'perilipin', 'type': 'instance of', 'tail': '2'}, {'head': 'liver', 'type': 'has part', 'tail': 'perilipin 2'}]"
96,Old age negatively influences the color of your hair after a hair dyeing procedure.,Falso,"[{'head': 'color of your hair', 'type': 'facet of', 'tail': 'hair dyeing'}, {'head': 'hair dyeing', 'type': 'has effect', 'tail': 'color of your hair'}, {'head': 'color of your hair', 'type': 'facet of', 'tail': 'hair dyeing procedure'}]"
97,Alupent is not considered a part of the Selective beta-2 adrenoceptor stimulants class of drugs.,Falso,"[{'head': 'Alupent', 'type': 'subject has role', 'tail': 'Selective beta-2 adrenoceptor stimulant'}, {'head': 'Alupent', 'type': 'subject has role', 'tail': 'Selective beta-2 adrenoceptor stimulants'}, {'head': 'Selective beta-2 adrenoceptor stimulant', 'type': 'different from', 'tail': 'Alupent'}]"
98,The myocardium is a type of granulocyte.,Falso,"[{'head': 'myocardium', 'type': 'subclass of', 'tail': 'granulocyte'}, {'head': 'granulocyte', 'type': 'part of', 'tail': 'myocardium'}, {'head': 'granulocyte', 'type': 'has part', 'tail': 'myocardium'}]"
99,"Albomycin is used as an ingredient in cosmetic products, not in pharmaceutical preparations.",Falso,"[{'head': 'cosmetic products', 'type': 'different from', 'tail': 'pharmaceutical preparations'}, {'head': 'pharmaceutical preparations', 'type': 'different from', 'tail': 'cosmetic products'}, {'head': 'cosmetic products', 'type': 'different from', 'tail': 'pharmaceutical preparations'}, {'head': 'cosmetic products', 'type': 'opposite of', 'tail': 'pharmaceutical preparations'}]"
